{"stats":{"minecraft:used":{"minecraft:dirt":2},"minecraft:picked_up":{"minecraft:dirt":4},"minecraft:mined":{"minecraft:grass_block":6},"minecraft:killed_by":{"minecraft:zombie":1},"minecraft:custom":{"minecraft:jump":46,"minecraft:time_since_rest":767,"minecraft:deaths":1,"minecraft:damage_dealt":108,"minecraft:leave_game":2,"minecraft:play_time":5410,"minecraft:sprint_one_cm":4707,"minecraft:damage_taken":310,"minecraft:time_since_death":741,"minecraft:walk_one_cm":5505,"minecraft:total_world_time":5410,"minecraft:fall_one_cm":1672,"minecraft:fly_one_cm":42459}},"DataVersion":3465}