{
  "minecraft:recipes/decorations/crafting_table": {
    "criteria": {
      "unlock_right_away": "2024-09-11 07:44:26 +0000"
    },
    "done": true
  },
  "minecraft:adventure/adventuring_time": {
    "criteria": {
      "minecraft:frozen_river": "2024-09-11 08:14:53 +0000",
      "minecraft:snowy_plains": "2024-09-11 07:44:28 +0000",
      "minecraft:ice_spikes": "2024-09-11 08:14:55 +0000",
      "minecraft:snowy_beach": "2024-09-11 07:47:31 +0000"
    },
    "done": false
  },
  "minecraft:adventure/root": {
    "criteria": {
      "killed_by_something": "2024-09-11 08:14:27 +0000"
    },
    "done": true
  },
  "DataVersion": 3465
}